<Document>
	<Translation>
		<key>Doświadczenie zawodowe:</key>
		<eng>Experience:</eng>
	</Translation>
	<Translation>
		<key>Strona główna</key>
		<eng>Home page</eng>
	</Translation>
	<Translation>
		<key>Witam na mojej stronie!</key>
		<eng>Welcome to my webpage!</eng>
	</Translation>
	<Translation>
		<key>Wykształcenie:</key>
		<eng>Education:</eng>
	</Translation>
	<Translation>
		<key>Umiejętności:</key>
		<eng>Skills:</eng>
	</Translation>
	<Translation>
		<key>Kod do pobrania</key>
		<eng>Download source code</eng>
	</Translation>
	<Translation>
		<key>Dodatkowe informacje:</key>
		<eng>Additional info:</eng>
	</Translation>
	<Translation>
		<key>Kontakt</key>
		<eng>Contact</eng>
	</Translation>
</Document>